<?xml version="1.0" encoding="UTF-8" standalone="yes"?>
<addon id="kodi-repo" name="iwantmyfreetv Add-on Repository" version="1.0.0" provider-name="iwantmyfreetv">
  <extension point="xbmc.addon.repository" name="iwantmyfreetv Add-on Repository">
      <info>https://raw.githubusercontent.com/iwantmyfreetv/kodi-repo/master/addons.xml</info>
      <checksum>https://raw.githubusercontent.com/iwantmyfreetv/kodi-repo/master/addons.xml.md5</checksum>
      <datadir zip="true">https://github.com/iwantmyfreetv/kodi-repo/raw/master/repo/</datadir>
    </extension>
    <extension point="xbmc.addon.metadata">
      <summary></summary>
      <description>Home of Jamie Vardy's Party</description>
      <disclaimer></disclaimer>
      <platform>all</platform>
    </extension>
</addon>
